{"initial_reset_timestamp": 1532579755.2216046, "episode_types": ["t"], "timestamps": [1532579764.2153523], "episode_rewards": [-145.0], "episode_lengths": [145]}